Samsung Galaxy M12 (Blue4GB RAM 64GB Storage) 6000 mAh with 8nm Processor | True 48 MP Quad Camera | 90Hz Refresh Rate,₹ 9999.00,4.1 out of 5 stars,9767 ratings,In stock.
Samsung Galaxy M31 (Ocean Blue 6GB RAM 128GB Storage),₹ 13999.00,4.3 out of 5 stars,177623 ratings,In stock.
Samsung Galaxy M01 Core (Black 2GB RAM 32GB Storage) with No Cost EMI/Additional Exchange Offers,NA,3.7 out of 5 stars,17838 ratings,In stock.
Samsung Galaxy M12 (Black4GB RAM 64GB Storage) 6000 mAh with 8nm Processor | True 48 MP Quad Camera | 90Hz Refresh Rate,₹ 9999.00,4.1 out of 5 stars,9767 ratings,In stock.
Samsung Galaxy M21 (Midnight Blue 4GB RAM 64GB Storage),₹ 12499.00,4.2 out of 5 stars,127208 ratings,In stock.
Samsung Galaxy M12 (Blue4GB RAM 64GB Storage) 6000 mAh with 8nm Processor | True 48 MP Quad Camera | 90Hz Refresh Rate,₹ 9999.00,4.1 out of 5 stars,9767 ratings,In stock.
Samsung Galaxy M31 (Space Black 6GB RAM 128GB Storage),₹ 13999.00,4.3 out of 5 stars,177623 ratings,In stock.
Samsung Galaxy M12 (Blue6GB RAM 128GB Storage) 6000 mAh with 8nm Processor | True 48 MP Quad Camera | 90Hz Refresh Rate,₹ 12499.00,4.1 out of 5 stars,9767 ratings,In stock.
Samsung Galaxy M12 (White4GB RAM 64GB Storage) 6000 mAh with 8nm Processor | True 48 MP Quad Camera | 90Hz Refresh Rate,₹ 9999.00,4.1 out of 5 stars,9767 ratings,In stock.
Samsung Galaxy M21 (Raven Black 4GB RAM 64GB Storage),₹ 12499.00,4.2 out of 5 stars,127208 ratings,In stock.
